Height(inches),Weight(kgs),Age(years),Grip strength(kgs),Frailty
65.8,50.80234544,30,30,False
71.5,61.68856232,19,31,False
69.4,69.39963261,45,29,False
68.2,64.41011654,22,28,True
67.8,65.31730128000001,29,24,True
68.7,55.791861510000004,50,26,False
69.8,63.95652417,51,22,True
70.1,61.68856232,23,20,True
67.9,50.80234544,17,19,False
66.8,54.4310844,39,31,False